place_harmonized	lat	lon
Aachen	50.78	6.08
Aadami	58.24	26.88
Aakre	58.1	26.2
Aalborg	57.04	9.92
Aarau	47.38	8.04
Aaspere	59.42	26.12
Aaviku	59.34	24.92
Aaviku küla	59.34	24.92
Aberdeen	57.14	-2.1
Abingdon	51.68	-1.28
Abington	40.12	-75.12
Abja	58.12	25.36
Abja-Paluoja	58.12	25.36
Aboæ	5.3	-1.12
Abruka	58.18	22.52
Absecon	39.44	-74.5
Adavere	58.72	25.9
Adelaide	-34.94	138.6
Aegna	59.58	24.76
Aegviidu	59.28	25.62
Aespa	59.2	24.66
Agen	44.2	0.62
Ahrensburg	53.68	10.24
Ahtme	59.32	27.42
Aichach	48.46	11.14
Aizpute	56.72	21.6
Al-Qāhirah	30.04	31.24
Alatskivi	58.6	27.14
Alavere	59.24	25.32
Albany	42.64	-73.76
Alberta	55.18	-114.52
Albu	59.16	25.68
Aldershot	51.24	-0.76
Alexandria	31.2	29.92
Alexandria, Virginia	38.8	-77.04
Algeria	28.14	2.68
Allika	59.46	25.4
Allikjärve küla	59.02	25.68
Alliku küla	59.36	24.58
Almaty	43.24	76.92
Alnarp	55.66	13.08
Alphen aan den Rijn	52.14	4.66
Altdorf	49.38	11.36
Alten Stettin	50.5	10.14
Altenburg	51	12.44
Altenstadt	50.28	8.94
Altenstadt/Oberbayern	47.82	10.86
Altnurga	58.56	26.3
Altona	53.56	9.92
Altsaare	58.6	25.36
Alu	59.02	24.76
Aluksne	57.42	27.04
Alunda	60.08	18.08
Alutaguse	59.24	27.24
Amberg	49.44	11.86
Ambla	59.2	25.84
Ameerika Ühendriigid	39.4	-99.4
Ames	42.04	-93.62
Amherst	42.98	-78.8
Amherst, Mass.	42.36	-72.52
Amritapuri, Kerala, India	9.1	76.48
Amsterdam	52.36	4.88
Andover	42.66	-71.14
Aneby	57.86	14.8
Anija	59.38	25.32
Ankara	39.92	32.84
Ann Arbor	42.28	-83.74
Anna	58.64	25.86
Annandale-on-Hudson, N.Y.	42.02	-73.9
Annikoru	58.28	26.3
Ansbach	49.3	10.6
Anseküla	58.1	22.24
Antequera	37.02	-4.56
Antsla	57.82	26.54
Antwerpen	51.22	4.4
Apeldoorn	52.2	5.96
Araabia Ühendemiraadid	23.92	54.32
Aravete	59.14	25.76
Ardu	59.1	25.38
Are	58.58	24.58
Arendal	58.46	8.76
Arkhangel’sk	64.54	40.54
Arkna	59.4	26.36
Arles	43.68	4.62
Arlington	32.74	-97.12
Arlöv	55.64	13.06
Arnsberg	51.38	8.08
Arnstadt	50.84	10.96
Aruküla	59.36	25.08
Arula	58.04	26.36
Aruvalla küla	59.24	25.02
Arvidsjaur	65.6	19.18
Arvika	59.66	12.6
Aschaffenburg	49.98	9.16
Aseri	59.44	26.86
Ashgabat	37.96	58.38
Ashland	37.68	-122.1
Askim	59.58	11.16
Aspach	48.96	9.4
Assamalla	59.22	26.26
Assikvere	58.72	26.98
Aste	58.34	22.46
Astrakhan	46.36	48.04
Athens	37.98	23.74
Atlanta	33.76	-84.4
Aude	59.16	24.24
Audru	58.4	24.36
Augsburg	48.36	10.9
Aurich	53.48	7.48
Austin	30.26	-97.74
Austraalia	-25.72	134.48
Austria	47.6	14.14
Avanduse-Hirla	59.06	26.42
Avesta	60.14	16.16
Avignon	43.96	4.8
Avinurme	58.98	26.86
Avispea	59.12	26.36
Avon	41.44	-82.04
Backhofenberg	52.28	13.12
Bad Düben	51.6	12.58
Bad Hersfeld	50.86	9.72
Bad Homburg vor der Höhe	50.22	8.62
Bad Langensalza	51.12	10.64
Bad Orb	50.22	9.36
Bad Salzuflen	52.08	8.76
Bad Soden-Salmünster	50.28	9.36
Badacsonytomaj	46.82	17.52
Badacsonytördemic	46.82	17.52
Baden-Baden	48.76	8.24
Baku	40.38	49.88
Balabanovo	55.18	36.66
Balashikha	55.8	37.96
Baltimore	39.28	-76.6
Bamberg	49.9	10.9
Bannockburn	56.1	-3.92
Banská Bystrica	48.74	19.16
Barby	59.86	17.82
Barcelona	41.38	2.16
Bargteheide	53.72	10.26
Barmen	51.26	7.18
Barnaul	53.36	83.76
Barth	54.36	12.74
Basel	47.56	7.58
Basingstoke	51.26	-1.08
Bath	51.38	-2.36
Bathurst	-33.4	149.58
Bayreuth	49.96	11.58
Bayside	40.78	-73.78
Beacon, N.Y	41.5	-73.98
Beau Bassin-Rose Hill	-20.24	57.48
Beauport	46.86	-71.2
Beaverton	45.5	-122.8
Beijing	39.9	116.4
Belfast	54.6	-5.92
Belgia	50.64	4.66
Belgrade	44.8	20.46
Belgrave	-37.9	145.36
Beltsville	39.04	-76.9
Bender	46.82	29.48
Bennington	42.88	-73.2
Bergen	60.4	5.32
Bergisch Gladbach	51	7.12
Berkeley	37.86	-122.28
Berlin	52.52	13.4
Berlin-Lichterfelde	52.42	13.32
Bermagui South	33.34	35.36
Bern	46.96	7.44
Beromünster	47.22	8.18
Berth	-37.82	144.94
Bethesda	53.18	-4.06
Beverly Hills	34.06	-118.4
Białystok	53.14	23.16
Bicske	47.48	18.64
Bielefeld	52.02	8.52
Bietigheim-Bissingen	48.94	9.12
Bietlot	50.44	4.5
Bihać	44.82	15.86
Bingen	48.12	9.26
Binghamton	42.1	-75.92
Bingley	53.84	-1.84
Birmingham	52.48	-1.9
Bishkek	42.86	74.6
Bleicherode am Harz	51.44	10.58
Blieskastel	49.24	7.24
Bloomington	44.82	-93.3
Bloomington, Ind	39.18	-86.52
Boca Raton	26.36	-80.08
Bochum	51.48	7.22
Boda kyrkby	61	15.22
Bodmin	50.46	-4.72
Bologna	44.5	11.34
Bonn	50.72	7.1
Bordeaux	44.84	-0.58
Bordesholm	54.18	10.02
Borgholm	56.88	16.66
Bornholm	55.16	14.86
Borrby	59.02	23.22
Borås	57.72	12.94
Boston	42.36	-71.06
Bougival	48.86	2.14
Boulder	40	-105.28
Bournemouth	50.72	-1.88
Bovenden bei Göttingen	51.6	9.92
Bowling Green	37	-86.44
Boxholm	58.2	15.04
Brabrand	56.16	10.1
Brackenheim	49.08	9.08
Bradford	53.8	-1.76
Brampton	43.68	-79.76
Bramsche	52.4	7.98
Brandenburg	52.4	13.96
Bratislava	48.16	17.12
Braunschweig	52.28	10.52
Braşov	45.64	25.62
Breda	51.6	4.78
Bregenz	47.5	9.76
Bremen	53.08	8.82
Bremerhaven	53.54	8.6
Brest	48.38	-4.5
Bridgeton	39.44	-75.24
Brighton	50.82	-0.14
Brisbane	-27.46	153.02
Bristol	51.46	-2.6
Brno	49.2	16.6
Bromma	59.34	17.94
Brookfield	43.06	-88.12
Brooklyn	40.64	-73.96
Brookvale	-33.76	151.28
Brumunddal	60.88	10.94
Brunsbergae	54.38	19.82
Brussels	50.84	4.36
Bryansk	53.24	34.36
Brühl	50.82	6.9
Bucharest	44.44	26.12
Budapest	47.5	19.04
Buenos Aires	-34.62	-58.38
Buffalo	42.88	-78.88
Bulgaaria	42.76	25.24
Burbank	34.18	-118.3
Burgess Hill	50.96	-0.14
Burlington	36.1	-79.44
Burnaby	49.28	-122.96
Bussum	52.28	5.16
Bydgoszcz	53.12	18.02
Böhlau	0.86	97.74
Bühl/Baden	48.7	8.14
Büsum	54.14	8.86
Caen	49.18	-0.36
Cahors	44.44	1.44
Cairo	30.06	31.24
Calgary	51.04	-114.1
California	36.36	-119.28
Calw	48.72	8.74
Cambridge	52.2	0.12
Cambridge, MA	42.36	-71.12
Cambridgeshire	52.28	-0.1
Canada	60.12	-113.64
Canberra	-35.28	149.12
Cape Town	-33.94	18.42
Caracas	10.5	-66.88
Cardiff	51.48	-3.18
Cardigan	52.08	-4.66
Carmichael, California	38.62	-121.32
Cary	35.78	-78.78
Casani	40.58	21.24
Catania	37.5	15.06
Catena di Villorba	45.72	12.26
Chalfont St. Peter	51.6	-0.56
Cham	47.18	8.46
Champaign	40.12	-88.24
Charleston	32.78	-79.94
Cheboksary	56.14	47.24
Chekhov	55.16	37.48
Chelyabinsk	55.16	61.42
Chernivtsi	48.28	25.94
Chernogolovka	56	38.36
Chernyakhovsk	54.64	21.82
Chester Springs	40.08	-75.62
Chicago	41.84	-87.64
Chichester, UK	50.84	-0.78
Chililabombwe	-12.36	27.82
China	25.7	-99.24
Chippenham	51.46	-2.12
Chisinau	47	28.86
Christchurch	-43.54	172.62
Chur	46.84	9.52
Cincinnati	39.14	-84.52
Clagenfurth	46.64	14.32
Clermont-Ferrand	45.78	3.08
Cleveland	41.5	-81.7
Coburg	50.26	10.96
College Park	33.64	-84.44
College Station	30.64	-96.32
Collingwood	-37.8	145
Colorado Springs	38.82	-104.82
Columbia	34	-81.02
Columbia, Connecticut	41.7	-72.3
Columbia, in the USA	40.82	-73.96
Columbus	39.96	-83
Commack	40.84	-73.3
Concord	37.98	-122.02
Condé-sur-Noireau	48.84	-0.56
Connecticut	41.56	-72.74
Copenhagen	55.68	12.58
Cork, Ireland	51.9	-8.48
Costa Mesa	33.64	-117.92
Coventry	52.4	-1.52
Croydon	51.38	-0.1
Crozon	48.24	-4.5
Culemborg	51.96	5.24
Cuneo	44.38	7.54
Curitiba	-25.44	-49.28
Czech Republic	49.74	15.34
Cölln	49.68	7.8
Cöln	52.28	104.3
Cēsis	57.32	25.26
Dallas	32.78	-96.8
Danderyd	59.4	18.04
Dantisci	56.18	37
Darlinghurst	-33.88	151.22
Darlington	54.52	-1.56
Darmstadt	49.86	8.64
Darpatâ	10	-13.78
Daugavpils	55.88	26.54
Davan	6.9	126.16
DeKalb	41.94	-88.76
Debrecen	47.54	21.62
Delhi	28.64	77.24
Denmark	33.32	-81.14
Denver	39.74	-104.98
Detmold	51.94	8.86
Detroit	42.32	-83.04
Dettelbach	49.8	10.18
Deventer	52.26	6.16
Dijon	47.32	5.02
Dillenburg	50.74	8.28
Dinglingen	48.36	7.84
Djupadal	55.58	12.96
Djursholm	59.4	18.08
Dnipro	48.46	35.04
Dobbs Ferry	41	-73.88
Dolgoprudnyy	55.96	37.5
Don Mills	43.74	-79.34
Donetsk	48.02	37.8
Dongguan	23.02	113.76
Dorchester	50.72	-2.44
Dordrecht	51.8	4.68
Dorpati	26.88	82.8
Dortmund	51.52	7.48
Downwood	51.48	-1.24
Dresden	51.04	13.74
Duaci	36.96	30.64
Dubai	25.08	55.32
Dublin	53.32	-6.24
Dubrovitsy	55.44	37.5
Duisburg	51.42	6.76
Duluth	46.78	-92.12
Durham	36	-78.9
Dushanbe	38.54	68.78
Dzerzhinsk	56.24	43.46
Döbeln	51.12	13.12
Döhren	53.32	9.7
Düsseldorf	51.22	6.78
Dębno	52.74	14.7
EU	50.84	4.38
EU:ssa	17.96	-102.18
East Roseville	38.76	-121.22
Eastleigh	50.96	-1.36
Ebenhausen	50.14	10.14
Ebenhausen bei München	47.98	11.44
Eberstadt	49.18	9.32
Ebsdorfergrund	50.72	8.86
Edgewood	39.42	-76.3
Edinburgh	55.96	-3.2
Edise	59.36	27.36
Edison	40.52	-74.4
Edmonton	53.56	-113.48
Eerde	51.6	5.5
Eerikvere	58.68	26.64
Eesti	58.68	25.48
Eesti Vabariik	57.58	27.12
Egeln	51.94	11.42
Egilsstaðir	65.26	-14.4
Ehstland	-30.52	29.82
Eidapere	58.76	24.94
Einbi	59	23.46
Eisenach	50.98	10.32
Eisma	59.56	26.3
Eistvere küla	58.68	25.76
Ekenäs	59.98	23.44
Elbing	54.16	19.4
Ellamaa	59.04	24.18
Elora	43.68	-80.44
Elva	58.22	26.42
Elze	52.58	9.74
Emmaste	58.7	22.62
Emmern	52.04	9.38
Emsdetten	52.18	7.52
Emu Plains	-33.76	150.66
Enge	58.52	25.44
Enges	47.06	7
England	52.6	-1.46
Englewood	40.88	-73.98
Enskede	59.28	18.04
Erala	58.46	26.68
Erastvere	57.98	26.78
Erfurt	50.98	11.02
Erlangen	49.6	11
Eru	59.56	25.84
Esbjerg	55.48	8.44
Eschenburg	50.82	8.36
Eskilstuna	59.36	16.52
Esku	58.64	25.88
Eslingena	48.74	9.32
Espoo	60.2	24.64
Essen	51.46	7
Esslingen	48.74	9.3
Eugene	44.04	-123.1
Eutin	54.14	10.6
Evanston	42.04	-87.68
Falköping	58.18	13.56
Faloppio	45.82	8.96
Falun	60.6	15.64
Farmington, Conn	41.74	-72.8
Farnham	51.2	-0.8
Fayetteville, NY	43.04	-76
Fergus Falls	46.28	-96.08
Ferrara	44.84	11.62
Finland	64.52	26.16
Flensburg	54.78	9.44
Florence	43.78	11.24
Footscray	-37.8	144.9
Forbushof	40.78	-92.88
Forssa	60.8	23.62
Fort Loudon	39.9	-77.9
Fort Mitchell	39.04	-84.56
Fort Wayne	41.14	-85.12
Franeker	53.2	5.54
Frankenthal	49.54	8.36
Frankfurt am Main	50.12	8.68
Frascati	41.82	12.68
Fredericia	55.58	9.76
Frederick	39.4	-77.4
Frederiksberg	55.68	12.52
Frederikshavn	57.44	10.54
Freiburg	48	7.84
Freising	48.4	11.76
Fresno, Kalifornia	36.74	-119.8
Freudenstadt	48.46	8.4
Fribourg	46.8	7.16
Friedenau	52.48	13.34
Friedewald-Dresden	51.14	13.64
Friedrichshafen	47.66	9.48
Fujimi	35.86	139.56
Fulham	51.48	-0.2
Færna	59.78	15.86
Fürstenfeldbruck	48.18	11.24
Gainesville	29.64	-82.32
Gamlingay	52.16	-0.18
Gargždai	55.72	21.4
Garmisch-Partenkirchen	47.5	11.1
Gatchina	59.58	30.14
Gateshead	54.96	-1.6
Gatineau	45.48	-75.7
Gdańsk	54.36	18.64
Gdov	58.74	27.82
Gdynia	54.52	18.54
Geislingen	48.28	8.82
Genoa	44.4	8.94
Gent	51.04	3.72
Genève	46.2	6.16
George Town	5.4	100.34
Geretsried	47.86	11.5
Germantown	39.18	-77.26
Germany	51.18	10.44
Germersheim	49.22	8.36
Gerpinnes	50.34	4.54
Gießen	50.6	8.68
Gimo	-19.06	33.28
Gjøvik	60.8	10.68
Glasgow	55.86	-4.26
Glebe	-33.88	151.18
Glesborg	56.48	10.72
Glinde	53.54	10.2
Gliwice	50.3	18.68
Glücksburg /Ostsee	54.82	9.56
Glückstadt	53.8	9.42
Gnadau	51.98	11.78
Goettingae	48.38	16.36
Goolwa	-35.5	138.78
Gotha	50.96	10.7
Granada	37.18	-3.6
Granville	-33.84	151
Graz	47.06	15.44
Great Britain	53.4	-1.96
Greenacres, Australia	-34.86	138.64
Greifswald	54.1	13.4
Greiz	50.66	12.2
Greve, Taani	55.58	12.26
Grodzisk Mazowiecki	52.1	20.62
Groitzsch	51.16	12.28
Groningen	53.22	6.58
Groznyy	43.32	45.68
Grunewald	52.48	13.26
Gräfenhainichen	51.72	12.46
Guangzhou	23.12	113.24
Guebwiller	47.92	7.2
Guildford	51.24	-0.56
Guilford, Connecticut	41.28	-72.68
Gusev	54.6	22.2
Gyomaendrőd	46.94	20.82
Gyula	46.64	21.28
Győr	47.68	17.64
Gävle	60.68	17.14
Göppingen	48.7	9.64
Görlitz	51.16	15
Göteborg	57.72	11.98
Göttingen	51.52	9.92
Gørløse	55.88	12.2
Güstrow	53.8	12.18
Gütersloh	51.9	8.38
Haabneeme	59.52	24.82
Haanja	57.72	27.04
Haapsalu	58.94	23.54
Haarlem	52.38	4.64
Haaslava	58.32	26.78
Haavasalu	14.72	75.78
Habaja	59.1	25.18
Hackensack	40.88	-74.04
Haeska	58.8	23.68
Hagen	51.36	7.48
Hageri	59.16	24.64
Hagudi	59.08	24.82
Halifax	44.64	-63.58
Halis Saxonum	46.08	11.52
Haljala	59.42	26.26
Halle (Saale)	51.48	11.98
Halle im Magdeburgischen	52.12	11.62
Halmstad	56.68	12.86
Hamburg	53.56	10
Hamburg-Rahlstedt	53.6	10.16
Hameln	52.1	9.36
Hamilton	43.24	-79.84
Hamina	60.58	27.2
Hampstead	42.86	-71.18
Hampton	37.04	-76.36
Hanau am Main	50.14	8.9
Handimiku	57.74	26.88
Hanila	58.6	23.6
Hanko	59.82	22.96
Hannover	52.36	9.74
Hannover-Döhren	52.36	9.74
Hannoversch Münden	51.42	9.64
Hara küla	59.56	25.62
Harbin	45.76	126.64
Harderovici	44.46	18.24
Hargla	59.1	24.9
Harju	59.32	24.92
Harju-Risti	59.22	24.02
Harku vald	59.4	24.46
Harkujärve	59.4	24.6
Harmondsworth	51.48	-0.48
Harrisburg	40.28	-76.88
Harrow on the Hill	51.58	-0.34
Havana	23.12	-82.38
Haßfurt	50.04	10.52
Hechingen	48.36	8.96
Heide	54.2	9.1
Heidelberg	49.4	8.68
Heidenheim an der Brenz	48.68	10.16
Heilbronn	49.14	9.22
Heiligenbeil Ostpr	54.46	19.94
Heiligenstadt	51.38	10.14
Heimtali	58.32	25.52
Heinaste	57.86	24.36
Heinävesi	62.42	28.6
Heiås	59.7	11.3
Hellenurme	58.14	26.38
Helmas	41.18	19.6
Helme	58	25.9
Helmstadii	61.3	10.16
Helmstedt	52.22	11
Helsingborg	56.04	12.68
Helsinki	60.18	24.94
Hemel Hempstead	51.76	-0.44
Hengelo	52.28	6.8
Henley Beach	-34.9	138.5
Herjava	58.96	23.62
Herne	51.54	7.24
Hernösand	62.64	17.94
Herrljunga	58.08	13.02
Herrnhut	51.02	14.74
Hexham	54.98	-2.1
Hiiumaa	58.86	22.58
Hilana	57.82	27.38
Hilden	51.18	6.92
Hildesheim	52.16	9.96
Hillerød	55.92	12.3
Hillsborough	40.5	-74.68
Hillsdale, NY	42.18	-73.52
Hindås	57.7	12.44
Hispaania	40.22	-3.64
Ho	6.6	0.46
Hoboken	40.74	-74.02
Holdre	57.94	25.74
Holland	52.24	5.62
Hollfeld	49.94	11.28
Hollywood	34.1	-118.32
Holstebro	56.36	8.62
Holstre	58.28	25.7
Holte	55.8	12.44
Holtland	53.28	7.58
Holvandi	58.04	27.22
Holyoke	42.2	-72.62
Homyel'	52.42	30.98
Hong Kong	22.28	114.18
Hoorn	52.64	5.06
Horad Zhodzina	54.1	28.32
Horma	57.88	26.68
Horn bei Hamburg	53.56	10.08
Horneburg	53.52	9.58
Houston	29.76	-95.36
Hrodna	53.68	23.82
Huddinge	59.2	18.02
Hudiksvall	61.72	17.12
Hulja	59.36	26.22
Hullo	59	23.24
Hummuli	57.9	26.06
Huntsville	34.72	-86.6
Hurda	57.72	26.84
Hurmi	58.02	26.8
Husum	54.48	9.04
Huuksi	58.84	25.8
Hvidovre	55.66	12.48
Hyderabad	17.38	78.46
Hyvinge	60.64	24.88
Hämeenlinna	61	24.46
Hässleholm	56.16	13.76
Häädemeeste	58.08	24.5
Häätaru	58.12	26.88
Höganäs	56.2	12.56
Högbacka	61	16.98
Höör	55.92	13.54
Hørsholm	55.88	12.5
Hüüru	59.38	24.54
Iaşi	47.18	27.6
Ichnia	50.86	32.38
Ida-Virumaa	59.24	27.42
Ihamaru	58.06	26.9
Ihasalu	59.52	25.2
Iisaku	59.1	27.3
Ikla	57.88	24.36
Illuka	59.24	27.48
Ilmandu	59.44	24.46
Ilmatsalu	58.4	26.56
Ilmenau	50.68	10.92
Ilumäe	59.52	25.88
Imavere	58.72	25.76
India	23.38	79.44
Indianapolis	39.78	-86.16
Inglismaa	52.16	-0.7
Ingliste küla	59	24.96
Ingolstadt	48.78	11.42
Innsbruck	47.26	11.4
Inowrocław	52.8	18.26
Iowa City, IA	41.66	-91.52
Irboska	57.72	27.86
Irkutsk	52.3	104.3
Irvine	33.68	-117.82
Istanbul	41	28.96
Itaalia	42.82	12.84
Ithaca	42.44	-76.5
Itzehoe	53.92	9.5
Iurievi	51.28	34.1
Ivanovo	57	40.96
Ivaski	58.42	25.38
Izhevsk	56.84	53.2
Jaagupi	58.04	24.46
Jaapan	36.66	139.28
Jackson	32.3	-90.18
Janakkala	60.9	24.6
Jaén	37.78	-3.8
Jefferson, North Carolina	36.42	-81.48
Jelenia Góra	50.9	15.74
Jelgava	56.64	23.72
Jena	50.94	11.6
Jenae	35.72	129.28
Jerusalem	31.76	35.22
Joaveski küla	59.5	25.82
Joensuu	62.6	29.76
Johannesburg	-26.2	28.04
Jokioinen	60.8	23.48
Jonsered	57.76	12.18
Joutsa	61.72	26.12
Juminda	59.64	25.52
Juula	58.98	24.8
Juuru	59.06	24.96
Juva	61.9	27.84
Jyväskyla	62.24	25.76
Jyväskylä	62.24	25.76
Jászberény	47.5	19.92
Jädivere	58.68	24.44
Jälevere	58.6	25.4
Jälgimäe	59.32	24.6
Jämejala	58.4	25.56
Jäneda	59.24	25.7
Järfalla	59.44	17.82
Järiste küla	58.28	26.56
Järtsaare	58.56	25.82
Järva-Jaani	59.04	25.88
Järva-Madise	59.12	25.66
Järvakandi	58.78	24.82
Järvaküla	58.32	26.3
Järvamaa	58.88	25.5
Järve	59.4	24.72
Järveküla	59.4	24.72
Järvere	57.84	26.86
Järvselja	58.28	27.3
Jõe	59.44	24.58
Jõelähtme	59.44	25.14
Jõeääre	59.28	25.4
Jõgeva	58.76	26.38
Jõgeva vald, Lõpe-Reimani	58.82	26.46
Jõgeval	58.74	26.38
Jõgevamaa	58.8	26.6
Jõgewal	31.08	76.32
Jõgisoo	59.28	24.52
Jõhvi	59.36	27.42
Jõiste	58.6	22.8
Jõulumäe	58.22	24.52
Jõune	58.68	26.36
Jõõpre	58.48	24.32
Jönköping	57.78	14.16
Jüchen	51.1	6.5
Jüri	59.36	24.92
Jürjev	44.94	14.92
Jēkabpils	56.5	25.86
Kaagna	58	26.84
Kaagvere	58	26.62
Kaali	58.36	22.68
Kaansoo	58.58	25.18
Kaarepere	58.66	26.54
Kaarina	60.4	22.38
Kaarli	59.36	26.46
Kaarma	59.12	26.24
Kaasiku küla	59.2	24.32
Kaasikvälja	59.42	27.3
Kabala	58.68	25.64
Kabila	59.22	24.44
Kablaküla	58.6	26.06
Kabli	58	24.44
Kadrina	59.32	26.14
Kadrina vald	59.38	26.08
Kadrina-Loobu	59.48	25.88
Kaevere	58.84	23.6
Kahtla	58.4	23.02
Kahula	59.34	27.34
Kaigutsi	58.84	22.68
Kaiserslautern	49.44	7.76
Kaisma	58.68	24.78
Kaitsemõisa	58.58	26.8
Kaiu	59	25.06
Kakumetsa	58.38	26.84
Kalana	58.72	26.04
Kalana küla	58.92	22.08
Kalesi	59.36	25.1
Kalinal	21.78	86.92
Kaliningrad	54.72	20.52
Kallaste	58.66	27.16
Kallavere	59.48	25.04
Kallemäe	58.36	22.9
Kalmar	56.66	16.36
Kalme	57.98	25.96
Kaluga	54.52	36.28
Kamari	58.6	26
Kambja	58.22	26.7
Kammeri	58.18	26.64
Kanaküla	58.24	25.12
Kanavere	59.18	25.06
Kandla	58.36	22.3
Kanepi	57.98	26.76
Kangasala	61.46	24.08
Kangru alevik	59.36	24.78
Kangsti	57.68	26.74
Kannuküla	58.14	25.78
Kapu	58.98	26.04
Karala	58.26	21.92
Karhula	60.52	26.94
Karilatsi	58.14	26.92
Karinu	59.04	25.96
Karitsa	59.28	26.34
Karja	58.52	22.7
Karjamaa	59	27.48
Karksi	58.6	26.62
Karksi-Nuia	58.1	25.56
Karkuse	59.2	26
Karla (Harjumaa)	59.18	25.12
Karlshamn	56.18	14.86
Karlskrona	56.16	15.6
Karlsruhe	49	8.4
Karlstad	59.38	13.5
Karula	59.54	26.24
Karuse	58.62	23.72
Kasispea	59.6	25.76
Kassari	58.8	22.84
Kassel	51.32	9.5
Kassema	58.64	26.74
Kassinurme	58.68	26.48
Kastre	58.36	27.08
Kata küla	59.2	24.96
Katrineholm	59	16.22
Kauda	58.5	26.86
Kauhava	63.1	23.06
Kauksi	59	27.24
Kaukvere	59.18	26.92
Kaunas	54.9	23.92
Kauniainen	60.2	24.74
Kaustinen	63.56	23.68
Kaynar	38.9	36.44
Kazan	55.8	49.12
Keava	58.96	24.9
Kecskemét	46.9	19.68
Kehra	59.34	25.32
Kehtna	58.92	24.88
Keibu	59.26	23.76
Keila	59.3	24.4
Kelvingi	59.56	24.84
Kemerovo	55.32	86.08
Kemi	65.74	24.56
Kempele	64.9	25.5
Kempen/Allgäu	47.72	10.32
Kent	47.38	-122.22
Kent Town	-34.92	138.62
Kerava	60.4	25.1
Kernu	59.14	24.5
Keuruu	62.28	24.54
Khabarovsk	48.48	135.08
Kharkiv	49.98	36.24
Kherson	46.64	32.62
Kibworth Beauchamp	52.54	-1
Kiduspe	58.88	22.24
Kiel	54.32	10.14
Kielce	50.86	20.62
Kihelkonna	58.36	22.04
Kihnu	58.12	23.96
Kiideva	58.78	23.56
Kiidjärve	58.14	27.02
Kiikla küla	59.28	27.2
Kiili	59.32	24.84
Kiisa	59.24	24.68
Kiiu	59.44	25.38
Kildu	58.48	25.4
Kilingi	58.14	24.98
Kilingi-Nõmme	58.14	24.98
Kiltsi	58.92	23.52
Kimberley	-28.74	24.76
Kimito	60.16	22.74
King's Lynn	52.76	0.4
Kingisepa	59.36	28.62
Kirchhain	50.82	8.92
Kirchzarten-Zarten	47.98	7.94
Kirderanna	58.62	22.88
Kirikuküla	58.72	23.78
Kirivere	58.64	25.7
Kirmsi	58.04	27.4
Kirna	58.84	25.46
Kirov	58.6	49.66
Kista	59.4	17.94
Kivi-Vigala	58.72	24.38
Kivijärve	58.76	26.56
Kiviõli	59.36	26.96
Klagenfurt am Wörthersee	46.62	14.32
Klaipėda	55.72	21.14
Kleve	51.8	6.14
Klin	56.32	36.72
Klintehamn	57.4	18.2
Klooga	59.32	24.22
Kloogaranna	59.32	24.22
Kloostri	58.74	23.82
Kodasema küla	59	25.78
Kodavere	58.68	27.14
Kodijärve	58.18	26.54
Kodila	59.04	24.68
Kodila - Metsküla	59.04	24.68
Koela	58.8	23.74
Koeru	58.96	26.04
Koguva	58.6	23.08
Kohala	59.4	26.54
Kohatu	59.16	24.5
Kohila	59.18	24.76
Kohtla- Järve	59.4	27.28
Kohtla-Järve	59.4	27.28
Kohtla-Nõmme	59.36	27.18
Koidu	58.8	23.56
Koigi	58.82	25.76
Koigu	57.98	26.56
Koikküla	57.68	26.28
Koima	58.6	24.22
Koiola	57.98	27.06
Koitjärve	59.4	25.62
Kokkola	63.84	23.12
Kolepi	57.78	27.06
Kolga	59.48	25.62
Kolga-Jaani	58.52	25.96
Kolgaküla	59.52	25.72
Kolkata	22.56	88.36
Kolkja	58.56	27.22
Koloreino	57.8	27.16
Kolyvan’	55.32	82.74
Komarovo	60.2	29.8
Konguta	58.22	26.28
Konju	59.4	27.62
Konstanz	47.66	9.18
Koogi	59.44	25.18
Kookla	58.44	25.54
Kooli	58.08	26.62
Koolina	28.2	77.44
Koonga	58.58	24.16
Kooraste	57.98	26.64
Koordi	58.98	25.72
Koper	45.56	13.74
Koppelmaa	59.28	24.56
Kose	59.46	24.88
Kose-Uuemõisa	59.2	25.12
Kosel	54.52	9.76
Kostivere	59.42	25.1
Kostroma	57.78	40.94
Kotinuka	59.38	27.42
Kotka	59.54	25.74
Kotkajärve	45.2	-79.2
Kottgeisering	48.12	11.14
Kourou	5.16	-52.64
Košice	48.72	21.26
Kraków	50.06	19.94
Krasnoyarsk	56.02	92.88
Krefeld	51.34	6.56
Krems an der Donau	48.4	15.6
Kristianstad	56.02	14.16
Kristinehamn	59.32	14.12
Kronstadt	60	29.76
Krootuse	58.08	26.84
Krundiküla	58.04	24.52
Krylbo	60.14	16.22
Kubija	57.88	26.54
Kuhjavere	58.5	25.7
Kuigatsi	58	26.22
Kuijõe	59.1	24.04
Kuijõe küla	59.1	24.04
Kuivastu	58.58	23.38
Kukruse	59.4	27.36
Kuku	59.08	24.78
Kuldre	57.88	26.48
Kuldīga	56.98	21.96
Kulla	58.16	25.44
Kullamaa	58.88	24.08
Kulmbach	50.1	11.44
Kulna	59.3	24.32
Kumla	59.14	15.14
Kumma	58.96	24.84
Kunda	59.48	26.54
Kungur	57.44	56.96
Kungälv	57.88	11.7
Kuningvere	58.64	27.1
Kuopio	62.88	27.68
Kuremaa	58.74	26.52
Kuremäe	59.2	27.54
Kurepalu	58.32	26.84
Kuressaare	58.24	22.5
Kuressare	58.24	25.8
Kurgja	58.68	25.24
Kurgja-Linnutaja	58.52	23
Kuri	58.96	22.94
Kurista	58.76	26.32
Kurresaar	58.24	22.48
Kurtna	59.22	24.72
Kuru	59.2	25.88
Kuuda	57.74	27.02
Kuusalu	59.44	25.44
Kuusalu vald	59.46	25.64
Kuusiku	58.8	22.52
Kuutsi	57.6	26.56
Kuybyshev	55.44	78.32
Kuz’minki	55.7	37.8
Kyakhta	50.36	106.44
Kyiv	50.44	30.52
Kyoto	35.02	135.76
Käesla	58.28	22.2
Kähri	58	26.96
Käina	58.82	22.78
Kämara	58.44	26.52
Kärde	58.84	26.28
Kärdla	59	22.76
Kärevere	58.74	25.54
Kärkna	58.48	26.62
Kärkölä	60.86	25.26
Kärstna	58.16	25.8
Käru	58.82	25.16
Käsmu	59.6	25.92
Käsukonna	58.8	25.76
Kääpa küla	58.68	26.82
Käärdi	58.2	26.42
Kääriku	58	26.38
Kållered	57.6	12.08
Kõinastu	58.64	23.02
Kõlleste	58.14	26.8
Kõmmaste	59.22	24.04
Kõo	58.64	25.72
Kõpu	58.9	22.22
Kõrgessaare	58.98	22.46
Kõrveküla	59.36	25.98
Kõrvemaa	59.38	25.7
Kõrvemetsa	58.9	26.78
Köln	50.94	6.96
Königsbronn	48.74	10.1
Königsbrück	51.26	13.92
Königstein im Taunus	50.18	8.48
Köningsberg	-27.76	29.78
Köthen	51.76	11.98
Külaküla	58.78	22.48
Külitse	58.32	26.62
Kündja	57.7	27.2
Küttejõu	59.36	27
Kłodzko	50.44	16.66
La Laguna	28.48	-16.32
La Neuville sur Essonne	48.18	2.38
La Vergne	36.02	-86.58
Laadi	58.28	24.6
Laadjala	58.32	22.56
Laagri	59.36	24.6
Laane	59.18	25.4
Laatre	57.86	26.24
Laekvere	59.08	26.56
Laeva	58.48	26.36
Lagedi	59.4	24.94
Lagos	6.44	3.4
Laguja	58.16	26.44
Lahavere	58.74	26.14
Laheküla	58.82	22.8
Lahemaa	59.58	25.78
Lahmuse	58.56	25.44
Lahr	48.34	7.88
Lahti	60.98	25.66
Laiaküla	59.48	24.9
Laimjala	58.42	23.02
Laitse	59.2	24.38
Laiuse	58.8	26.48
Lakemba	-33.92	151.08
Lakewood	40.1	-74.22
Lalsi	58.48	26.04
Lancaster	34.7	-118.14
Lancaster, Pa.	40.04	-76.32
Landshut	48.54	12.16
Langenthal	47.22	7.8
Langerma	58.66	24.44
Langley, B.C.	49.1	-122.66
Lanham	38.96	-76.86
Lappeenranta	61.06	28.2
Larsmo	63.76	22.76
Larvik	59.04	10.04
Lasva	57.86	27.18
Latvia	56.84	24.94
Lauka	58.96	22.54
Laulasmaa	59.4	24.24
Laupa	58.78	25.36
Lausanne	46.52	6.62
Lavassaare	58.52	24.4
Layerthorpe	53.96	-1.08
Le Carteau-Cambresis	50.1	3.54
Lecce	40.36	18.18
Leeds	53.8	-1.56
Leedu	58.98	25.56
Leer	53.22	7.44
Leevaku	58.1	27.32
Leevi	57.96	27.22
Legnica	51.2	16.16
Lehetu	59.04	24.26
Lehmja	59.36	24.88
Lehtmetsa	59.32	25.36
Lehtse	59.24	25.82
Lehu	58.64	24.66
Leicester	52.64	-1.12
Leiden	52.16	4.5
Leie	58.42	26.04
Leina	58.22	24.54
Leipzig	51.34	12.36
Leisi	58.58	22.7
Leisu	58.78	22.52
Lelle	58.86	25
Lemmatsi	58.34	26.64
Lemmküla	59.2	26.26
Lempäälä	61.32	23.76
Lenningen	48.56	9.48
Leppneeme	59.56	24.86
Letchworth Garden City	51.98	-0.24
Leuven	50.88	4.7
Leväsjoki	61.78	21.96
Lewiston	46.42	-117.02
Lidingö	59.36	18.12
Liepāja	56.5	21.02
Liettua	55.18	23.88
Lihula	58.68	23.84
Liibavi	56.54	21.04
Liiküla	58.58	22.44
Liivamäe	59.44	24.96
Liivi	58.86	23.96
Lilienthal/Bremen	53.52	8.6
Limburg /Lahn	50.4	8.08
Linaküla	58.14	23.96
Lincoln	40.8	-96.68
Lindanise	54.8	25.22
Lindesberg	59.6	15.22
Lindi	58.32	24.26
Lindome	57.58	12.08
Linköping	58.4	15.62
Linnuse küla	58.58	23.18
Linte	58.16	27.46
Linz	48.32	14.28
Lippstadt	51.68	8.34
Lisbon	38.72	-9.14
Liskeard	50.44	-4.46
Liège	50.64	5.58
Ljubljana	46.04	14.52
Llangennech	51.7	-4.08
Lobi	59.6	25.98
Logroño	42.46	-2.44
Lohkva	58.36	26.8
Lohusalu	59.4	24.2
Lohusuu	58.94	27.04
Lohvka	56.4	31.88
Loimaa	60.84	23.06
Loksa	59.58	25.72
London	51.52	-0.14
Lonrai	48.46	0.04
Loo alevik	59.42	24.96
Loodi	58.28	25.56
Loodna	58.88	24.24
Loona	58.32	22.02
Los Altos	37.38	-122.1
Los Angeles	34.04	-118.24
Lossiküla	57.9	26.3
Louvain	50.88	4.72
Loveland	40.38	-105.06
Loveland, Colo	40.38	-105.06
Lovisa	60.46	26.24
Lublin	51.24	22.56
Lucka	51.1	12.32
Ludwigsburg	48.9	9.18
Ludza	56.54	27.72
Luhametsa	57.78	26.7
Luidja	58.92	22.4
Luige	59.32	24.78
Luleå	65.58	22.16
Lund	55.72	13.2
Lunenburg	44.38	-64.32
Luoma	60.18	24.56
Lustivere	58.68	26.08
Lutike	58.14	26.56
Luton	51.88	-0.42
Luua	58.64	26.6
Luunja	58.36	26.88
Luxembourg	49.78	6.08
Luzern	47.04	8.32
Lviv	49.84	24.02
Lygnern	57.48	12.34
Lyubertsy	55.68	37.88
Lähte	58.48	26.68
Lähtse	59.28	24.84
Läsna	59.42	25.92
Lätkalu	58.44	26.04
Lääne-Nigula	58.98	23.88
Lääne-Virumaa	59.3	26.32
Lääneotsa	59.62	25.02
Lõpe	58.58	23.98
Lübeck	53.86	10.68
Lüganuse	59.38	27.04
Lüllemäe	57.76	26.38
Lümanda	58.28	22.04
Lüneburg	53.24	10.4
Līvāni	56.36	26.18
Maardu	59.48	24.98
Maarja-Magdaleena	58.6	26.74
Maasi	58.58	23.04
Maastricht	50.84	5.7
Mackay	-21.16	149.16
Macomb	40.46	-90.68
Madise	59.28	24.12
Madison	43.06	-89.4
Madona	56.84	26.22
Madrid	40.42	-3.7
Magadan	59.56	150.8
Magdeburg	52.14	11.64
Mahilyow	53.92	30.34
Mahwah	41.1	-74.14
Maidenhead	51.52	-0.72
Maidla	59.24	24.64
Mainz	49.98	8.28
Majala	58.24	26.36
Makhachkala	42.98	47.5
Malaisia	2.5	112.5
Malakhovka	55.64	38.02
Malbork	54.04	19.04
Malden	51.72	0.68
Mallavere	59.28	25.12
Mallika	57.72	27.14
Malmö	55.6	13
Malung	60.68	13.72
Manchester	53.48	-2.24
Manila	14.6	120.98
Mannheim	49.5	8.48
Manniva	59.48	25.12
Mantova	45.16	10.8
Maramaa	58.44	26.68
Marburg a. Lahn	50.8	8.76
Marburg an der Lahn	50.8	8.76
March	52.56	0.08
Maribor	46.56	15.64
Mariehamn	60.1	19.94
Marienwerder	53.72	18.94
Mariupol	47.1	37.54
Markaryd	56.46	13.6
Markham	43.86	-79.34
Markham, Ontario	43.86	-79.34
Marl	51.66	7.1
Marrickville	-33.9	151.16
Marseille	43.3	5.38
Martin	49.06	18.92
Martna	58.86	23.8
Masala	-5.78	16.38
Massachusetts	42.36	-71.72
Massiaru	58	24.6
Matsalu	58.72	23.7
Mauer bei Wien	48.16	16.26
Meckenheim	50.62	7.02
Medford, MA	42.42	-71.12
Meedla	58.32	22.54
Meegaste	58.06	26.28
Meine	52.38	10.52
Meiningen	50.56	10.42
Meissen	51.16	13.48
Meiuste	58.6	22.6
Melbourne	-37.82	144.96
Melle	52.2	8.34
Melliste	58.32	26.98
Memmingen	47.98	10.18
Memphis, Tennessee	35.16	-90.04
Menasha, Wis.	44.2	-88.44
Meremäe	57.74	27.46
Meremõisa	59.4	24.26
Merivälja	59.48	24.84
Merrick	40.66	-73.56
Merseburg	51.36	12
Mesnil-sur-l'Estrée	48.78	1.3
Metsakasti	59.48	24.88
Metsanurme	59.26	24.66
Metsaääre	58.28	24.68
Metsaääre küla	58.48	22.78
Metsla	59.02	25.98
Metstaga	57.64	26.76
Metzingen	48.54	9.28
Mexico	23.96	-102.56
Michelstadt	49.68	9
Middletown	39.52	-84.4
Mihkli	58.6	24.12
Miiduranna	59.5	24.82
Miila	59.32	26.68
Mikitamäe	58	27.56
Mikkeli	61.68	27.26
Milan	45.46	9.18
Milton Keynes	52.04	-0.76
Minneapolis	44.98	-93.26
Minnesota	46.36	-94.2
Minsk	53.9	27.56
Miskolc	48.1	20.78
Mission	26.22	-98.32
Mississauga	43.58	-79.66
Misso	57.6	27.24
Missoula	46.86	-113.98
Moakow	52.04	19.4
Moka	58.86	24.5
Monaco	43.72	7.42
Montdidier	49.64	2.56
Montfort-en-Chalosse	43.72	-0.84
Montmorency	49	2.32
Montreuil	48.86	2.44
Montréal	45.5	-73.6
Moorestown	39.96	-74.96
Mooste	58.16	27.2
Mora	58.32	26.82
Mores	40.56	8.82
Morrisville	35.82	-78.82
Moscow	55.76	37.62
Motala	58.54	15.04
Mount Pleasant	32.78	-79.86
Mozhaysk	55.5	36.04
Muhu	58.6	23.24
Mullavere	58.6	26.56
Mundaring	-31.9	116.18
Munich	48.14	11.58
Muraste	59.46	24.44
Muratsi	58.24	22.58
Murru	58.54	24.76
Mustja	57.9	26.84
Mustjala	58.46	22.24
Mustla	59.06	25.44
Mustla küla	58.42	23.04
Mustu	59.1	24.4
Mustvee	58.84	26.94
Muuga	59.48	24.94
Mykolayiv	46.98	31.98
Málaga	36.72	-4.42
Mädapea	59.32	26.24
Mäeselja	58.32	26.32
Mäetaguse	59.22	27.26
Mägari	58.9	23.54
Mähkli	57.72	26.46
Mäksa	58.38	26.98
Mälivere	59.12	24.8
Mällikvere	58.68	25.96
Mändjala	58.2	22.32
Männisalu	58.02	27.4
Mänspe	58.82	22.46
Märja	58.36	26.64
Märjamaa	58.9	24.44
Märzfeld	52.88	9.08
Määra	59.2	24.1
Mõdriku	59.32	26.46
Mõedaka	59.32	26.56
Mõisaküla	59.32	24.82
Mõniste	57.6	26.62
Mölndal	57.66	12
Mörlenbach	49.6	8.74
Münster	51.96	7.62
Mārupe	56.88	23.96
Nabala	59.28	24.88
Nairobi	-1.28	36.82
Naisteväljal	59.2	26.1
Nancy	48.68	6.18
Naruski	57.98	27.1
Narva	59.38	28.2
Narva linn	59.32	28.08
Narva-Eesti	59.38	28.18
Narva-Joaoru	59.38	28.18
Narva-Jõesuu	59.46	28.04
Narvik	68.28	17.22
Nashville	36.18	-86.78
Nassau Bay	29.54	-95.1
Nastola	60.96	25.94
Nasva	58.22	22.4
Naumburg	51.16	11.82
Navesti	58.58	25.54
Neckargemünd	49.38	8.8
Neeme	59.52	25.16
Neeroetern	51.1	5.7
Nehatu	59.44	24.92
Neitsijärve	58.02	27.2
Nela Park	41.54	-81.56
Nelson	-41.28	173.28
Neubeuern/Inn	47.78	12.14
Neuhausen-Stuttgart	48.68	9.28
Neustadt	49.36	8.16
Neustadt an der Aisch	49.58	10.6
Neutral Bay	-33.84	151.22
Neuwied	50.44	7.48
New Brunswick	40.5	-74.44
New Haven	41.32	-72.94
New Jersey	39.62	-74.74
New Orleans	29.96	-90.08
New Providence	40.7	-74.4
New Rochelle	40.9	-73.78
New York City	40.72	-74
Newark	40.74	-74.18
Newberry, SC	34.28	-81.62
Newcastle upon Tyne	54.98	-1.62
Ney	46.74	5.88
Niagara Falls	43.1	-79.06
Niedernhausen	50.16	8.32
Niesky	51.28	14.84
Nigula	58.96	23.78
Niitvälja	59.22	24.32
Nizhniy Novgorod	56.32	44
Noarootsi	59.02	23.52
Norderstedt	53.68	9.98
Norman	35.22	-97.44
Norra	58.9	26.04
Norrköping	58.6	16.18
Norrtälje	59.76	18.7
Norsborg	59.24	17.82
North Adelaide	-34.9	138.6
North Charleston, SC	32.88	-80
North Vancouver	49.32	-123.06
Northampton	52.24	-0.88
Norwalk	33.9	-118.08
Norwich	52.64	1.3
Novara	45.44	8.62
Novi Ligure	44.76	8.78
Novi Sad	45.24	19.84
Novocherkassk	47.42	40.1
Novonikolajevsk	53.16	105.1
Novosibirsk	55.04	82.94
Nurme	58.44	24.5
Nurmsi küla	58.86	25.7
Nursi	57.78	26.86
Nuustaku	57.68	26.3
Nuutre	58.52	25.48
Nyköping	58.76	17.02
Nysa	50.46	17.32
Nõmmel	59.38	24.68
Nõo	58.28	26.54
Nõva	59.22	23.68
Nördlingen	48.84	10.5
Nüpli küla	58.02	26.48
Nürnberg	49.44	11.08
Oakland	37.8	-122.28
Oberhausen	51.48	6.86
Oberpahlen	58.64	25.96
Obinitsa	57.8	27.44
Obninsk	55.1	36.62
Odense	55.4	10.4
Odessa	46.5	30.74
Oessaare	58.32	22.88
Offenbach	50.1	8.76
Ogre	56.82	24.6
Ohio	40.4	-82.7
Ohtu	59.28	24.36
Oidrema	58.6	23.94
Oisu	58.76	25.56
Old Saybrook	41.28	-72.38
Old Tappan	41	-74
Oldenburg	53.14	8.22
Olofsborg	56.9	14.46
Olsztyn	53.78	20.48
Olten	47.36	7.9
Olustvere	58.56	25.56
Omedu	58.78	27.04
Omsk	55	73.38
Ontario	50.94	-84.74
Oomiste	58.2	26.52
Oonurme	59.12	26.92
Oostkamp	51.16	3.22
Opava	49.94	17.9
Opladen	51.06	7
Oranienbaum	51.8	12.4
Oranienburg	52.76	13.24
Orava	57.9	27.46
Orenburg	51.78	55.1
Orissaare	58.56	22.96
Orjaku	58.8	22.76
Orléans	47.9	1.9
Oru	59.2	24.98
Orël	52.98	36.08
Osimo	43.5	13.48
Oslo	59.9	10.76
Osnabrück	52.28	8.04
Ostfildern	48.72	9.26
Osula	57.88	26.82
Otalampi	60.4	24.48
Otaniemi	60.18	24.82
Otepää	58.06	26.5
Otsa	57.84	27.24
Ottawa	45.4	-75.7
Otterndorf	53.8	8.9
Oulu	65	25.46
Oxford	51.76	-1.26
Ozolnieki	56.68	23.78
Paadremaa	58.52	23.84
Paali	58.2	26.72
Paderborn	51.72	8.76
Padise	59.22	24.14
Padstow	-33.96	151.02
Paduvere	58.8	26.34
Pagari	59.26	27.36
Pahkla	59.18	24.84
Pahuvere	58.18	25.7
Paide	58.88	25.56
Paikuse	58.38	24.62
Painküla	58.72	26.4
Paistu	58.28	25.62
Pajupea	59.36	24.96
Pajusi	58.72	25.94
Pajusti	59.28	26.42
Pala	58.68	27.02
Palade	58.96	22.84
Palamuse	58.68	26.58
Paldiski	59.36	24.04
Palermo	59.32	26.36
Palivere	58.98	23.9
Palmer Lake, CO	39.12	-104.92
Palmse	59.52	25.94
Palo Alto	37.44	-122.14
Palupera	58.12	26.34
Palupõhja	58.42	26.24
Pamma	58.5	22.62
Panga	58.82	23.56
Pangodi	58.2	26.58
Pančevo	44.86	20.64
Papsaare	58.4	24.4
Paris	48.84	2.36
Parksepa	57.9	26.98
Parksi	59.5	25.76
Parkville	39.38	-76.54
Parramatta	-33.82	151
Paterson	40.92	-74.18
Patküla	57.98	25.9
Pau	43.32	-0.36
Pauastvere	58.68	26
Paunküla	59.14	25.36
Pedase	59.28	23.9
Pedaspää	58.4	27.36
Peedu	59.2	25.62
Peetri	59.4	24.82
Peetri alevik, Harjumaa	59.4	24.82
Peetrimõisa	57.92	26.78
Peine	52.32	10.24
Penig	50.94	12.7
Penijõe	58.72	23.82
Penuja	58.06	25.38
Peraküla	59.2	23.62
Peri	58	27.08
Perila	59.3	25.18
Perm	58	56.24
Pest	47.4	19.36
Pesth	49	12.18
Peterborough	52.58	-0.24
Peterhof	59.88	29.9
Petersberg	50.56	9.72
Petrozavodsk	61.78	34.36
Petser	57.8	27.62
Petseri	57.8	27.62
Pfaffenhofen	48.36	10.16
Pfaffenhofen/Ilm	48.54	11.5
Pforzheim	48.88	8.7
Pfullingen	48.46	9.24
Philadelphia	39.96	-75.16
Piaseczno	52.08	21.02
Picton	-41.28	174
Pieksämäki	62.3	27.14
Pierre	44.36	-100.36
Pihkva	57.8	28.36
Piira	59.32	26.38
Piirsalu	59.04	24.04
Piistaoja	58.54	24.9
Piitsaküla	57.8	26.62
Pikavere	59.28	25.14
Pikkjärve küla	58.64	26.56
Pilistvere	58.66	25.74
Pilkengton	41.4	-81.62
Pinneberg	53.68	9.78
Pirgu	59.12	24.84
Pittsburgh	40.44	-80
Pleskow	47.7	-2.82
Plovdiv	42.16	24.76
Plymouth	50.36	-4.14
Plön	54.16	10.42
Poitiers	46.58	0.34
Poland	52.12	19.4
Polatsk	55.48	28.78
Polen	-9.68	124.48
Polli	59.04	24.54
Poltava	49.6	34.56
Pomáz	47.64	19.04
Ponce	18.02	-66.62
Pori	58.08	25.84
Porkuni	59.2	26.22
Porsa küla	58.24	25.88
Port Sydney	45.22	-79.3
Port Townsend	48.12	-122.76
Portland	45.52	-122.68
Portugal	39.6	-8.52
Porvoo	60.4	25.68
Porvoossa	62.68	21.56
Porwoo	60.38	25.66
Potsdam	52.4	13.06
Poznań	52.4	16.94
Praaze	55.92	21.12
Pragi	58	27.04
Prague	50.1	14.42
Prandi	58.82	25.74
Prange	58.04	26.2
Prangli	58.16	26.78
Prantsusmaa	46.56	2.56
Preedi	58.92	26.14
Prien/Chiemsee	47.86	12.36
Princeton	40.36	-74.66
Pringi	58	26.28
Prospect Heights	42.1	-87.94
Providence	41.82	-71.4
Pudisoo	59.52	25.56
Puhja	58.34	26.3
Puiatu	58.72	25.78
Puide	57.94	25.96
Puise	58.78	23.48
Puka	59.2	26.62
Pukamäe	59.16	24.76
Pullach bei München	48.06	11.52
Pulli	58.42	24.68
Puna küla	58.34	25.32
Punsa	57.64	26.62
Purila	59.08	24.84
Purtse	59.42	27.02
Purtsi	58.08	26.1
Pushchino	54.82	37.62
Puuri	58.04	27.02
Puurmani	58.58	26.28
Päide küla	59.4	26.3
Päidla	58.12	26.48
Päiksi	58.6	27.08
Päinurme	58.8	25.94
Päite	59.4	27.7
Pärispea	59.64	25.7
Pärlijõe	57.68	26.88
Pärnamäe	59.5	24.86
Pärnjõe	58.64	24.94
Pärnu	58.4	24.5
Pärnu-Jaagupi	58.6	24.52
Pärnumaa	58.42	24.46
Pärsti	58.42	25.52
Päärna	49.58	18.12
Pécs	46.06	18.24
Põhja küla	59.48	25.44
Põlgaste	57.98	26.88
Põlliku	58.96	25.18
Põllu küla	58.84	24.96
Põltsamaa	58.64	25.98
Põltsamaal	58.64	25.98
Põlula	59.32	26.62
Põlva	58.06	27.06
Põlvamaa	58.12	27.22
Põlvamaal	58.08	27.06
Põvvatu	58.36	26.84
Pöide	58.52	23.06
Pößneck	50.68	11.6
Pühajärve	58.04	26.44
Pühajõe	59.4	27.56
Pühalepa	58.88	22.96
Pühaste	58.1	26.14
Pürksi	59	23.54
Püssi	59.36	27.04
Püünsi	59.56	24.8
Płońsk	52.62	20.38
Quedlingen	50.22	10.12
Queens Village	40.72	-73.74
Québec	53.38	-71.76
Raadi	57.76	27.3
Raasiku	59.36	25.18
Rae	59.38	24.88
Raela	58.96	24.76
Raikküla	58.96	24.76
Raiste	57.92	26.94
Rajamäki	64.48	27.78
Rakke	59	26.24
Rakvere	59.36	26.36
Ramenskoye	55.58	38.22
Ramsgate	51.34	1.42
Ramsi	58.36	26.38
Randers	56.46	10.04
Randivälja	58.48	24.8
Randvere	59.5	24.92
Rannamõisa	59.44	24.52
Rannu	59.44	26.84
Rapla	59	24.78
Raplamaa	58.84	24.74
Rapperswil	47.22	8.82
Rassi	58.64	25.36
Rastede	53.24	8.2
Rasva	57.76	26.98
Ratla	59.32	25.2
Ratzeburg	53.7	10.76
Raudna	58.34	25.48
Rauma	61.14	21.52
Rebala	59.46	25.08
Recht	50.32	6.04
Redwood City, California	37.48	-122.22
Refwel	18.74	99.12
Regensburg	49.02	12.1
Rehburg-Loccum	52.48	9.2
Rehemetsa	58.48	27.2
Reheselja	58.72	22.54
Reinbek bei Hamburg	53.52	10.24
Reinu	58.58	26.76
Rekkem	50.78	3.16
Remagen-Oberwinter	50.62	7.2
Rennes	48.12	-1.66
Reo	58.32	22.66
Reola	58.3	26.72
Reopalu	58.88	25.52
Retla	58.76	25.6
Reutlingen	48.5	9.2
Rewal	54.08	15.02
Reykajvík	64.16	-21.94
Reykjavík	64.16	-21.94
Rheinbach	50.64	6.96
Rheinbreitbach	50.62	7.24
Rian	3.6	116.8
Richmond	51.46	-0.3
Richmond, Victoria	-37.82	145
Ridala	58.44	23.04
Ridala vald	58.88	23.62
Riga	56.96	24.12
Rihga	24.08	81.1
Riidaja	58.1	25.9
Riidaku küla	58.94	24.56
Riihimäki	60.74	24.78
Riisipere	59.12	24.32
Rija linnan	37.06	116.88
Rija-linan	6.38	124.98
Rijan	0.58	123.1
Rijswijk	52.04	4.32
Rindal	63.06	9.22
Rinteln	52.2	9.08
Rio de Janeiro	-22.92	-43.18
Risti	59	22.64
Ristiküla	59.18	26.58
Ristil	62.32	26.5
Ristipalo	58.08	27.48
Ritsiku	57.6	27.28
Riverside	33.96	-117.4
Riverwood	-33.96	151.04
Rixensart	50.72	4.54
Riyadh	24.68	46.72
Rochester	44.02	-92.46
Rockville	39.08	-77.16
Rodez	44.36	2.56
Roela	59.18	26.6
Rohu	58.92	26.08
Romae ad S. Sabinae	41.88	12.48
Rome	41.88	12.48
Roobaka	58.56	22.78
Roosiku	57.74	26.72
Roosna	59.14	25.94
Roosna-Alliku	59.02	25.72
Rootsiküla	58.62	27.18
Rosenheim	47.86	12.12
Roskilde	55.64	12.08
Rostock	54.1	12.14
Rostov-na-Donu	47.22	39.72
Rothenburg ob der Tauber	49.38	10.18
Rottenburg am Neckar	48.48	8.94
Rotterdam	51.92	4.48
Rovaniemi	66.5	25.72
Rozelle	-33.86	151.16
Rudkøbing	54.94	10.72
Rudolfov	49	14.54
Rudolstadt	50.72	11.34
Ruhingu	57.9	26.64
Ruhnu	57.8	23.24
Ruien	50.78	3.5
Rujen	57.9	25.32
Rupsi	58.58	27.12
Ruse	43.84	25.96
Russalu	59.02	24.38
Ruu	59.44	25.2
Ruu küla	59.44	25.2
Ruusa	58.04	27.28
Ruusmäe	57.64	27.08
Ryazan’	54.64	39.68
Rzeszów	50.04	22
Räestu	54.22	23.62
Räpina	58.1	27.46
Räägu	58.48	24.56
Rõngu	58.16	26.24
Rõuge	57.72	26.92
Röhsska	57.7	11.98
Rødovre	55.68	12.44
Rønne	55.1	14.72
Rēzekne	56.52	27.34
S.-Peterburg	59.92	30.36
Saarbrücken	49.22	7
Saarde-Pärnu	58.46	24.18
Saare	58.7	26.84
Saare küla	58.96	22.92
Saaremaa	58.4	22.56
Saaremaal	57.8	27.14
Saaremetsa	58.44	23.12
Saarijärvi	62.7	25.24
Saatse	57.88	27.78
Sacaton	33.08	-111.74
Sacramento	38.58	-121.48
Sadala	58.86	26.6
Saduküla	58.68	26.28
Sagadi	59.54	26.06
Saia	58.32	22.46
Saint Petersburg	59.94	30.3
Saint-Estève	42.72	2.84
Saint-Malo	48.64	-2
Saka	59.42	27.22
Saksamaa	58.78	26.62
Saksamaal	51.12	10.4
Saku	59.3	24.66
Salamanca	20.56	-101.2
Salaspils	56.86	24.38
Salinas	36.68	-121.66
Salisburg	57.86	25.04
Salla	58.96	26.38
Salme	58.16	22.26
Salmistu	59.48	25.38
Salo	60.38	23.12
Salt Lake City	40.76	-111.9
Saltsjö-Boo	59.32	18.28
Saltsjöbaden	59.32	18.28
Salutaguse	59	25.94
Salzburg	47.8	13.04
Samakhvalavichy	53.74	27.5
Sammaljoki	61.22	23.12
Sampzon	44.42	4.34
San Bernardino	34.12	-117.3
San Diego	32.72	-117.16
San Domenico	42.18	14.26
San Domenico di Fiesole	43.8	11.28
San Francisco,	37.78	-122.42
San Jose	37.34	-121.9
Sandhem	57.98	13.76
Sandisuu	57.74	26.94
Sandomierz	50.68	21.76
Sangaste	57.92	26.32
Sankt Augustin	50.78	7.2
Sankt Gallen	47.42	9.36
Santa Ana	33.76	-117.88
Santa Barbara	34.42	-119.7
Santa Cruz de Tenerife	28.46	-16.24
Santa Monica	34.02	-118.48
Santiago	-33.46	-70.64
Santiago de Compostela	42.88	-8.56
Saransk	54.18	45.18
Saratov	51.54	46
Sargvere	58.88	25.72
Saru	57.6	26.54
Sarve	58.84	23.06
Sarvela	65.32	26.44
Sassukvere	58.72	27.1
Saue	59.32	24.56
Sauga	58.42	24.48
Saula	59.2	25.04
Savariae	54.92	24.66
Saverna	58.08	26.72
Savimäe	58.2	27.32
Saviranna	59.5	25.04
Sawtry	52.44	-0.28
Scarborough	54.28	-0.4
Schaffhausen	47.7	8.64
Scheßlitz	49.98	11.02
Schlesswig	54.52	9.56
Schleswig	54.52	9.56
Schmalkalden	50.72	10.44
Schneverdingen	53.12	9.8
Schwabach	49.32	11.02
Schwarzenbeck	59.46	24.68
Schwarzenbek	53.5	10.48
Schwerin	53.64	11.4
Seaside	36.6	-121.84
Seattle	47.62	-122.32
Seedrioru	43.64	-80.46
Sejny	54.12	23.36
Seliste	58.28	24.08
Seljametsa	58.36	24.68
Selters	50.54	7.76
Seltjarnarnes	64.16	-21.98
Seoul	37.56	126.98
Serga	57.76	27.48
Sergiyev Posad	56.3	38.14
Setomaa	57.88	27.64
Sewickley, Pennsylvania	40.54	-80.18
Shanghai	31.22	121.46
Shaoguan	24.8	113.58
Shenzhen	22.56	114.06
Siegen	50.86	8.02
Sigaste	58.18	24.88
Sigtuna	59.62	17.72
Sihva	58.02	26.44
Siimusti	58.72	26.34
Sillamäe	59.4	27.76
Sillaotsa	58.9	25.6
Sillapää	58.1	27.44
Silver Spring	39	-77.02
Simferopol	44.96	34.12
Simisti	58.56	23.32
Simuna	59.04	26.4
Sindi	58.4	24.68
Singapore	1.28	103.84
Sinimäe	59.36	27.86
Sinzig	50.54	7.24
Sipe	58.24	26.82
Sirgu	58.36	26.92
Sirguvere	58.74	26.76
Siuro	61.48	23.34
Skagen	57.72	10.58
Skara	58.4	13.44
Skellefteå	64.76	20.96
Skopje	42	21.44
Skrīveri	56.64	25.12
Skärholmen, Sweden	59.28	17.9
Sloatsburg, New York	41.16	-74.2
Smolensk	54.78	32.04
Soesaare	58.06	27.1
Sofia	42.7	23.32
Soinaste	58.34	26.7
Soitsjärve	58.54	26.72
Sokhumi	43	41
Sommerville, Mass	42.38	-71.1
Sonda	59.34	26.84
Soodla	59.38	25.38
Soomaa	58.48	24.98
Soome	57.8	26.54
Soonlepa	58.84	23.02
Soontaga	58	26.08
Sootaga	58.48	26.7
Sopot	54.44	18.56
Sortavala	61.72	30.72
South Croydon, Surrey	51.36	-0.1
South San Francisco	37.64	-122.4
Sovetsk	55.08	21.88
St-Peeterburg	27.76	-82.64
St. Catharines	43.18	-79.24
St. Ingbert	49.28	7.12
St. Katharinen	50.6	7.36
St.Louis, Missouri	38.64	-90.2
Stade	53.6	9.48
Stanford-le-Hope	51.52	0.42
Starnberg	48	11.34
Stavanger	58.98	5.74
Steglitz	52.46	13.34
Stockholm	59.32	18.06
Stockport	53.4	-2.16
Stolberg a.H	58.38	7.76
Stollhamm	53.52	8.36
Stolzenau	52.52	9.08
Strasbourg	48.58	7.76
Strasshof an der Nordbahn	48.32	16.68
Stroud	51.76	-2.2
Strängnäs	59.38	17.04
Stuttgart	48.78	9.18
Stärholmen	58.92	11.18
Subiaco	-31.96	115.82
Suffolk	36.72	-76.58
Suigu	59.14	26.8
Suislepa	58.16	25.96
Sulików	51.08	15.06
Sulu	58.82	24.48
Sundsvall	62.4	17.32
Suolahti	62.98	26.94
Surju	58.24	24.72
Sutlema	59.18	24.62
Suure-Jaani	58.54	25.46
Suure-Kõpu	58.32	25.32
Suure-Lähtru	58.88	23.84
Suuremetsa	57.86	27.34
Suuremõisa	58.86	22.96
Suurpea	59.62	25.7
Suurupi	59.46	24.4
Svelvik	59.6	10.4
Svenljunga	57.5	13.12
Swansea	51.62	-3.94
Sweden	64.7	17.26
Sydney	-33.86	151.22
Syktyvkar	61.66	50.82
Syracuse	43.04	-76.16
Szczecin	53.42	14.56
Szeged	46.24	20.14
Szentendre	47.68	19.08
Szolnok	47.18	20.2
Szombathely	47.22	16.62
São Paulo	-23.56	-46.64
Sänna	57.74	26.78
Särevere	58.8	25.44
Särgla	58.58	26.92
Sävedalen	57.72	12.08
Sääritsa	58.76	27.06
Sääsküla	59.12	25.24
Sånga-Säby	59.36	17.64
Sées	48.6	0.18
Sõmera	58.3	22.26
Sõmerpalu	57.84	26.82
Sõmeru	59.26	24.88
Sõru ots	50.64	85.82
Söderköping	58.48	16.32
Södertälje	59.2	17.62
Sürgavere	58.48	25.48
Taagepera	58.02	25.7
Taani	55.96	10.04
Taaralinn	29.46	-0.5
Taastrup	55.64	12.3
Taavetti	60.92	27.56
Tabasalu	59.42	24.56
Tabivere	58.56	26.58
Tacoma	47.24	-122.44
Taebla	58.96	23.76
Taejeon	35.92	128.56
Taevaskoja	58.1	27.04
Taganrog	47.24	38.9
Taheva	57.64	26.34
Tahkuranna	58.24	24.48
Taipei	25.04	121.52
Taizé	46.5	4.68
Takoma Park	38.98	-77
Taldykorgan	45.02	78.38
Tali	58.06	24.78
Tallahassee	30.44	-84.28
Talliinan	30.04	31.3
Tallinn	59.44	24.76
Tallinn - Särghaua	58.28	24.84
Tallinn, Mustamäe	59.4	24.68
Talsingi	18.96	83.94
Talsinki	56.56	25.32
Tammemäe	59.32	24.68
Tammevaldma	58.32	27.02
Tammiku	59.2	24.94
Tammiste	58.4	24.58
Tammistu	58.44	26.94
Tammneeme	59.52	24.88
Tampere	61.5	23.78
Tampereella	21.56	84.16
Tamsalu	59.16	26.12
Tamse	58.64	23.16
Tanska	58.86	23.48
Tapa	59.26	25.96
Tapa vald	59.24	26.04
Tarbja	58.92	25.6
Taritu	58.2	22.12
Tarragona	41.12	1.24
Tarset	55.22	-2.4
Tarto-Linan trükkitu nink müwwa Grentsiusse man	7.4	-7.56
Tarto-linan	9.18	123.66
Tartoh	28.92	63.08
Tartu	58.38	26.74
Tartu linn	58.4	26.62
Taru	59.26	26.26
Tarvastu	58.22	25.86
Tashkent	41.26	69.22
Taunusstein	50.16	8.16
Taï	5.88	-7.46
Tbilisi	41.68	44.82
Te Haarlem	52.4	4.64
Tehachapi	35.14	-118.44
Tel Aviv	32.08	34.78
Tela	15.76	-87.48
Tempa	58.92	22.92
Tepelvälja	59.56	26.1
Terpatâ	24.88	87.62
Thanh-Long	11.28	105.98
The Hague	52.08	4.3
The Oaks, N.S.W	-34.08	150.56
Thessaloníki	40.64	22.94
Thirlmere	-34.2	150.56
Thun	46.76	7.62
Thunder Bay	48.38	-89.24
Tiduvere küla	58.8	24.32
Tierp	60.34	17.52
Tiheda	58.8	26.96
Tihemetsa	58.16	25.04
Tiirimetsa	58.18	22.18
Tiitsa	57.58	26.54
Tila	58.42	26.76
Tila küla	58.42	26.76
Tilga	58.72	22.62
Tilga küla	58.18	26.26
Tilgu	57.76	26.9
Timişoara	45.76	21.24
Tindi	57.72	26.94
Tirana	41.32	19.82
Tiskre	59.4	24.58
Tobolsk	58.2	68.24
Todmorden	53.72	-2.1
Tohkri	57.8	27.18
Toijala	61	25.12
Toila	59.42	27.52
Tokyo	35.68	139.7
Toledo	41.66	-83.56
Tollarp	55.92	13.98
Tolworth, Surrey	51.38	-0.28
Tomsk	56.5	84.98
Tondi	58.22	25.46
Tooma	58.86	26.28
Tootsi	58.58	24.78
Torgu	57.98	22.08
Tori	58.48	24.82
Torma	58.8	26.74
Toronto	43.7	-79.42
Toronto, Canada	43.64	-79.38
Torrance, Calif	33.84	-118.34
Torrazza Piemonte	45.22	7.98
Torredonjimeno	37.78	-3.96
Torshälla	59.42	16.46
Toruń	53	18.6
Totnes	50.44	-3.68
Tournai	50.62	3.4
Toyoake, Japan	35.04	137
Tōkyō	35.68	139.64
Treimani	57.92	24.4
Trelleborg	55.38	13.16
Trento	46.06	11.12
Trexlertown	40.56	-75.6
Trier	49.76	6.64
Trieste	45.64	13.78
Tristfer	47.12	11.84
Tromsø	69.64	18.96
Trondheim	63.42	10.4
Troyes	48.3	4.08
Tsarskoje-Selo	59.72	30.42
Tsiistre	57.66	27.22
Tsirguliina	57.86	26.2
Tsitre	59.52	25.52
Ts’khinvali	42.22	43.96
Tubala	58.96	22.76
Tucson, Ariz	32.24	-110.98
Tudulinna	59.04	27.08
Tuhala	59.22	24.96
Tuhalaane	58.18	25.66
Tula	59.28	24.44
Tumba	59.2	17.82
Tupenurme	58.64	23.24
Turba	59.08	24.24
Turbaneeme	59.62	25.78
Turenki	60.92	24.62
Turin	45.06	7.7
Turku	60.44	22.26
Turnhout	51.32	4.94
Tuudi	58.66	23.76
Tuula küla	59.26	24.44
Tvedestrand	58.62	8.92
Tver	56.86	35.9
Tyumen	57.16	65.52
Täby	59.44	18.06
Tähtvere	58.4	26.64
Täkumetsa	59.38	27.36
Tänassilma	59.34	24.62
Tännassilma	58.76	25.48
Tääksi	58.52	25.64
Tórshavn	62	-6.76
Tõdva	59.28	24.74
Tõdva küla	59.28	24.74
Tõhela	58.44	24.02
Tõlluste	58.32	22.8
Tõmmiku	59.34	24.38
Tõnura	11.26	78.68
Tõravere	58.28	26.46
Tõrva	58	25.94
Tõrvandi	58.32	26.72
Tõstamaa	58.32	24
Tõutsi	57.96	26.48
Tübingen	48.52	9.04
Türi-Alliku	58.82	25.44
Türil	-34.72	-56.2
Türisalu	59.4	24.32
Türju	57.98	22.04
Tšerbakul	42.78	45.46
Uddevalla	58.36	11.94
Udine	46.06	13.24
Udriku	59.3	26.06
Uduvere/Meiuste, Saaremaa	58.6	22.58
Ufa	54.74	55.98
Ugandi	-4.6	34.72
Uhtna	59.4	26.56
Ulan Bator	47.9	106.88
Ulan-Ude	51.82	107.6
Ulila	58.36	26.44
Ulm	48.4	10
Ulvi	58.9	26.8
Ulyanovsk	54.32	48.38
Umbusi	58.58	26.08
Umeå	63.82	20.26
Ungari	47.16	19.5
Uppsala	59.86	17.64
Urbana	40.12	-88.2
Urumarja	58.42	24.74
Urvaste	59.28	25.1
Utrecht	52.1	5.12
Uudeküla	59.18	26.14
Uue-Kariste	58.24	25.32
Uue-Saaluse	57.76	27.12
Uue-Võidu	58.4	25.6
Uuemõisa	58.94	23.6
Uuesalu	59.36	24.82
Uuri	59.48	25.58
Uusikaupunki	60.8	21.4
Uusvada	57.78	27.48
Uzsgorod	48.62	22.28
V Praze	50.08	14.44
Vaabina	57.86	26.62
Vaasa	63.1	21.62
Vadstena	58.44	14.88
Vaeküla	59.34	26.52
Vaela	59.34	24.8
Vahastu	59.46	25.6
Vahi	59.38	24.44
Vahi küla	58.6	26.72
Vaiatu	58.82	26.66
Vaida	59.28	24.98
Vaimastvere	58.8	26.28
Vaimõisa	58.98	24.46
Vaivara	59.36	27.76
Vaivere	58.28	22.6
Vajangu	59.1	26.04
Valencia	39.46	-0.38
Valga	57.78	26.04
Valgamaa	57.9	26.16
Valgamaal	57.9	26.16
Valgjärve	58.08	26.64
Valgma	58.88	25.68
Valgu	58.76	22.62
Valguta	58.18	26.2
Valjala	58.4	22.8
Valkla	59.48	25.32
Valkse	59.32	24.36
Valladolid	41.66	-4.72
Valma	58.36	25.96
Valmiera	57.54	25.44
Valtu	58.98	24.84
Vammala	60.92	22.9
Vana	58.24	27.46
Vana-Antsla	57.86	26.54
Vana-Järve	59.4	24.38
Vana-Kariste	58.18	25.28
Vana-Saaluse	57.72	27.22
Vana-Vigala	58.78	24.26
Vana-Võidu	58.4	25.64
Vanaküla	59.48	25.8
Vanamõisa	59.1	25.44
Vanamõisa, Saue vald	59.32	24.52
Vancouver	49.24	-123.12
Vandjala	59.44	25.08
Vanha-Ulvila	61.42	21.9
Vannes	47.66	-2.76
Vantaa	60.28	25.04
Vara	58.52	26.88
Varbla	58.42	23.76
Varbola	59.04	24.44
Varbuse	58.02	26.92
Vardja	59.18	25.22
Varese	59.08	24.32
Varna	43.22	27.92
Varnja	58.48	27.24
Varstu	57.64	26.66
Vasalemma	59.24	24.28
Vasta küla	59.46	26.7
Vastemõisa	58.44	25.44
Vastse-Kuuste	58.18	26.94
Vastse-Otepää	58.02	26.64
Vastseliina	57.72	27.28
Vasula	58.48	26.74
Vatla	58.56	23.74
Veetka	50.1	14.4
Vehendi	58.24	26.14
Veibri	58.34	26.78
Vejbystrand	56.32	12.76
Vejle	55.72	9.54
Velikiy Novgorod	58.52	31.26
Velikiye Luki	56.34	30.56
Veliko Tŭrnovo	43.08	25.64
Velise	58.8	24.52
Veltsa	58.6	24.06
Venemaa	62	96.8
Venevere	59	26.72
Vergi	59.6	26.08
Veriora	58	27.36
Verona	45.44	10.98
Veskimäe	58.38	27.04
Veszprém	47.1	17.92
Vetepere	59.14	25.62
Vetlanda	57.42	15.08
Viborg	56.44	9.4
Vicenza	45.56	11.56
Vidrike	58	26.52
Vidruka	59	23.84
Vienna	48.22	16.38
Vienna, VA, USA	38.9	-77.26
Vigala	59.1	26.26
Vigala vald	58.72	24.28
Vihasoo	59.56	25.8
Vihula	59.54	26.16
Viidumäe	58.32	22.08
Viimsi	59.52	24.84
Viimsi vald	59.7	25.02
Viinistu	59.64	25.76
Viira	58	27.2
Viiratsi	58.36	25.64
Viisu	58.96	25.68
Viitasaari	63.08	25.86
Viitka	57.68	27.32
Viitna	59.46	26.02
Vijayawada	16.52	80.64
Vilivere	59.2	24.72
Viljandi	58.36	25.6
Viljandimaa	58.28	25.58
Villevere	58.64	25.48
Vilnius	54.68	25.28
Vilusi	58.88	26.96
Vimmerby	57.68	15.86
Vinni	59.3	26.44
Virtsu	58.58	23.52
Viru-Jaagupi	59.24	26.48
Viru-Nigula	59.44	26.7
Virumaa	57.78	26.94
Viruna	58.5	24
Virve	59.6	25.6
Virve küla	59.6	25.6
Visaginas	55.6	26.44
Visby	57.64	18.3
Visela	57.92	26.5
Vitebsk	55.2	30.2
Viterbo	42.42	12.1
Vitsiku küla	59.34	27.22
Vittorio Veneto	45.98	12.3
Viļāni	56.56	26.92
Vladimir	56.14	40.4
Vladivostok	43.12	131.88
Vodja	58.94	25.7
Voka	59.4	27.58
Volgograd	48.72	44.5
Vologda	59.22	39.88
Voore	58.72	26.76
Vormsi	59	23.22
Voronezh	51.68	39.18
Vratislavi	51.12	17.04
Vyborg	60.72	28.76
Vädra	21.6	71.12
Väike-Maarja	59.14	26.24
Väike-Pungerja	59.18	27.36
Väimela	57.88	27.02
Väljaküla	58.18	25.04
Väljataguse küla	58.9	25.42
Vällingby	59.36	17.88
Vändra	58.64	25.04
Vändra-Kurgja	58.56	24.96
Värska	57.96	27.64
Väsby	59.52	17.92
Västervik	57.76	16.64
Västerås	59.62	16.56
Växjö	56.88	14.8
Vääna-Jõesuu	59.42	24.38
Väänla	58.98	23.82
Väätsa	58.88	25.44
Vårby	59.26	17.88
Võduvere	58.76	26.44
Võerdla	59.44	25.06
Võhma	58.64	25.56
Võisiku	58.64	25.92
Võivaku	58.48	25.62
Võlla	58.6	23.36
Võnnu	58.9	23.7
Võntküla	58.98	23.8
Võru	57.82	27.02
Võsivere	58.34	26.44
Võsu	59.58	25.98
Võtikvere	58.86	26.84
W Warszawie	51.98	21.32
Waddil	-34.6	146
Wagga Wagga	-35.14	147.36
Wainuiomata	-41.26	174.96
Walden, New York	41.56	-74.2
Walkā	12.96	5.44
Walnut Grove	34.06	-86.32
Warkworth	-36.4	174.64
Warsaw	52.22	21.02
Washington	38.88	-77.02
Washington, D.C	38.88	-77.02
Waterloo, Ont	43.46	-80.52
Waterlow	36.76	-108.48
Watford	51.66	-0.4
Weihenstephan	48.64	12.1
Weimar	50.98	11.32
Weinheim	49.56	8.68
Weinsberg	49.16	9.28
Weißenhorn	48.32	10.16
Wellington	-41.28	174.78
Welwyn Garden City	51.8	-0.2
Wemding	48.86	10.72
Wenden	50.96	7.88
Werdau	50.74	12.38
Wesel	51.68	6.62
West Vancouver	49.36	-123.18
Westford	42.58	-71.44
Westport, Conn	41.14	-73.36
Wetteren	51	3.88
Wheaton, IL	41.86	-88.12
Wiesbaden	50.08	8.24
Willimantic	41.72	-72.2
Willowdale	43.78	-79.4
Wilmington	34.22	-77.94
Wilmington-Philadelphia	39.96	-75.18
Winchester	51.06	-1.32
Windsor	42.3	-83.02
Winnipeg	49.88	-97.16
Winterthur	47.5	8.72
Wismar	53.88	11.44
Wittebergae	-30.7	27.36
Wittenberg Lutherstadt	51.86	12.64
Wittenbergæ	53	11.76
Woking	51.32	-0.56
Wolfenbüttel	52.16	10.54
Woodsville	44.14	-72.02
Worcester	42.26	-71.8
Worms	49.64	8.36
Wołowiec	51.3	18.98
Wrocław	51.1	17.04
Wrocław-Wojnowice	51.18	16.88
Wästerås	59.6	16.54
Würzburg	49.78	9.96
Yaroslavl	57.64	39.86
Yekaterinburg	56.84	60.6
Yerevan	40.18	44.5
Yevpatoriya	45.2	33.36
Yiyang	28.58	112.32
Yonkers	40.94	-73.9
Yoshkar-Ola	56.64	47.88
Ystad	55.36	13.98
Zabrze	50.32	18.78
Zagreb	45.82	15.98
Zaltbommel	51.8	5.24
Zamość	50.72	23.24
Zaragoza	41.66	-0.88
Zaraysk	54.76	38.88
Zehlendorf	52.42	13.24
Zeulenroda	50.64	12.04
Zhytomyr	50.26	28.68
Zlín	49.22	17.68
Zoetermeer	52.06	4.5
Zollikon	47.34	8.58
Zug	47.18	8.52
Zutphen	52.14	6.2
Zwickau	50.72	12.5
Zürich	47.36	8.56
Äetsä	61.28	22.68
Ähijärve	57.72	26.52
Äigrumäe	59.48	24.92
Äksi	59.12	25.18
Älvsjö	59.28	18.02
Ämari	59.26	24.22
Ämmuste	58.18	25.82
Ängelholm	56.24	12.86
Änniksaare	59.02	26.94
Änniste	59.04	23.76
Ääsmäe	59.24	24.52
Åhus	55.92	14.28
Åland	60.18	19.92
Århus	56.16	10.22
Õssu	58.36	26.66
Õvi	58.46	26.54
Öjersjö	57.7	12.14
Ömmern	57.8	12.5
Örebro	59.28	15.22
Örnsköldsvik	63.28	18.72
Üdruma	58.8	24.08
Ühtri	58.82	22.64
Ülenurme	58.32	26.74
Český Krumlov	48.82	14.32
Ķekava	56.82	24.24
Ķīna	36.56	103.94
Łódź	51.78	19.46
Şile	41.18	29.62
Šotimaa	56.48	-4.2
Šveits	46.82	8.24
Вана-Вяндра	58.66	25.04
Ида-Вирумаа	59.26	27.42
Кавасту	58.36	27.04
Львiв	49.84	24.04
Ноароотси	59.1	23.6
Остров	57.34	28.36
